{
    "1":
    [
        "92348129",
        "84849200",
        "92347352",
        "92347180",
        "92347956"
    ],
    "2":
    [
        "92347784",
        "92347698",
        "92348043",
        "92347525",
        "92347002"
    ],
    "3":
    [
        "92347089",
        "92347266",
        "92347611",
        "92347870",
        "92347439",
        "120468382"
    ],
    "4":
    [
        "142360929",
        "155087720",
        "155088053",
        "155087886",
        "155088219"
    ],
    "5":
    [
        "155087970",
        "155087803",
        "155088136"
    ],
    "6":
    [
        "160660562",
        "160661609",
        "160662073",
        "160660731",
        "160661775"
    ],
    "7":
    [
        "160661692",
        "160661023",
        "160660940",
        "160660857",
        "160661190"
    ],
    "8":
    [
        "160661526",
        "160661443"
    ]
}
