[
    {
      "TrackerID-DPE": "92348129",
      "TrackerName-DPE": "01_CH-ECU_LAH.4ME.907.Basismodul-EEStgSW",
      "TrackerID-DPAS": "56205218",
      "TrackerName-DPAS": "01_SV62-SECU_LAH.85E.907.AG_Basismodul-EE-StgSw"
    },
    {
      "TrackerID-DPE": "84849200",
      "TrackerName-DPE": "02_CH-ECU_LAH.4ME.907.A_Modul-Erprobung",
      "TrackerID-DPAS": "56204720",
      "TrackerName-DPAS": "02_SV62-SECU_LAH.85E.907.AH_Modul-Erprobung"
    },
    {
      "TrackerID-DPE": "92347352",
      "TrackerName-DPE": "03_CH-ECU_LAH.4ME.907.B_HW-Requirements",
      "TrackerID-DPAS": "56204222",
      "TrackerName-DPAS": "03_SV62-SECU_HW-Requirements"
    },
    {
      "TrackerID-DPE": "92347180",
      "TrackerName-DPE": "04_CH-ECU_LAH.4ME.907.C_Module-Diagnostics-Common",
      "TrackerID-DPAS": "56204056",
      "TrackerName-DPAS": "04_SV62-SECU_LAH.85E.907.AL_Module-Diagnostics-Common"
    },
    {
      "TrackerID-DPE": "92347956",
      "TrackerName-DPE": "05_CH-ECU_LAH.4ME.907.D_Module-Diagnostics-Specific",
      "TrackerID-DPAS": "56205052",
      "TrackerName-DPAS": "05_SV62-SECU_LAH.85E.907.BT_Module-Diagnostics-Specific"
    },
    {
      "TrackerID-DPE": "92347784",
      "TrackerName-DPE": "06_CH-ECU_LAH.4ME.907.F_Diagnose-Domaenenrechner",
      "TrackerID-DPAS": "56204969",
      "TrackerName-DPAS": "06_SV62-SECU_Diagnose-Domaenenrechner"
    },
    {
      "TrackerID-DPE": "92347698",
      "TrackerName-DPE": "07_CH-ECU_LAH.4ME.907.G_COM-BUS-Communication-bus-technology",
      "TrackerID-DPAS": "56204471",
      "TrackerName-DPAS": "07_SV62-SECU_COM-BUS-Communication-bus-technology"
    },
    {
      "TrackerID-DPE": "92348043",
      "TrackerName-DPE": "08_CH-ECU_LAH.4ME.907.H_SEC-Security",
      "TrackerID-DPAS": "56204886",
      "TrackerName-DPAS": "08_SV62-SECU_SEC-Security"
    },
    {
      "TrackerID-DPE": "92347525",
      "TrackerName-DPE": "09_CH-ECU_LAH.4ME.907.J_SAF-Safety",
      "TrackerID-DPAS": "56204803",
      "TrackerName-DPAS": "09_SV62-SECU_SAF-Safety"
    },
    {
      "TrackerID-DPE": "92347002",
      "TrackerName-DPE": "10_CH-ECU_LAH.4ME.907.K_LIC-Licensing",
      "TrackerID-DPAS": "56204139",
      "TrackerName-DPAS": "10_SV62-SECU_LIC-Licensing"
    },
    {
      "TrackerID-DPE": "92347089",
      "TrackerName-DPE": "11_CH-ECU_LAH.4ME.907.L_TrafficLight-LiveView",
      "TrackerID-DPAS": "56204388",
      "TrackerName-DPAS": "11_SV62-SECU_TrafficLight-LiveView"
    },
    {
      "TrackerID-DPE": "92347266",
      "TrackerName-DPE": "12_CH-ECU_LAH.4ME.907.M_IDC-Intelligent-Data-Collector",
      "TrackerID-DPAS": "56203890",
      "TrackerName-DPAS": "12_SV62-SECU_IDC-Intelligent-Data-Collector"
    },
    {
      "TrackerID-DPE": "92347611",
      "TrackerName-DPE": "13_CH-ECU_LAH.4ME.907.P_Modul-EMV",
      "TrackerID-DPAS": "110242700",
      "TrackerName-DPAS": "13_SV62-SECU_Productionmode-Specific"
    }
  ]