{
    "BsM-E.L_ct": "BsM-E.L_ct",
    "Verification Success Criteria_ct": "Verification Success Criteria_ct",
    "Comment PAG to Valeo_pe_depr": null,
    "BsM-Sa.FuSi comment_ct": "BsM-Sa.FuSi comment_ct",
    "Status Valeo 2018_imp to PAG_pe": null,
    "Tracker": "Tracker",
    "ReqIF-Import Status_pe": "ReqIF-Import Status",
    "Comment supplier to project lead PH_evo_pe": null,
    "BsM-ZZ comment_ct": "BsM-ZZ comment_ct",
    "Security Relevance_ct": "Security Relevance_ct",
    "Comments/Attachments" : "Comments/Attachments",
    "Tested by_pe": null,
    "Attachments": "Attachments",
    "% Spent / Plan": "% Spent / Plan",
    "BsM-E.D comment_ct": "BsM-E.D comment_ct",
    "Implementation Confirmed by PAG_pe": null,
    "BsM-FFF comment_ct": "BsM-FFF comment_ct",
    "BsM-Se_ct": "BsM-Se_ct",
    "Emergency Operation (EO)_ct": null,
    "Flags": "Flags",
    "Function_ct": "Function_ct",
    "Comment Request Receiver_ct": "Comment Request Receiver_ct",
    "Type": "Type",
    "Complexity": "Complexity",
    "Status PAG to Mobileye_pe": "Status PAG to Mobileye_pe",
    "Comment PAG to Mobileye_pe": "Comment PAG to Mobileye_pe",
    "Foreign Type_ct": "Foreign Type_ct",
    "pvRestriction": "pvRestriction",
    "Testing External Company_pe": null,
    "Submitted at": "Submitted at",
    "BsM-Sa comment_ct": "BsM-Sa comment_ct",
    "Tracker Type_ct": "Tracker Type_ct",
    "BsM-P_ct": "BsM-P_ct",
    "Foreign Created By_ct": "Foreign Created By_ct",
    "Assigned at": "Assigned at",
    "BsM-Sa.HV_ct": "BsM-Sa.HV_ct",
    "Update Status_pe": "Update Status_pe",
    "Comment PAG to Continental_pe": null,
    "Status PAG to Valeo_pe_depr": null,
    "BsM-E.V comment_ct": "BsM-E.V comment_ct",
    "Status Request Receiver_ct": "Status Request Receiver_ct",
    "Comment Valeo to PAG_pe_depr": null,
    "BsM-Sa.SOTIF comment_ct": "BsM-Sa.SOTIF comment_ct",
    "Status PAG to Mobileye 2Box_pe": null,
    "Foreign Modified By_ct": "Foreign Modified By_ct",
    "BsM-E.D Review_ct": null,
    "Fault Tolerant Time Interval (FTTI)_ct": null,
    "BsM-E.EMZ_ct": "BsM-E.EMZ_ct",
    "Comment PAG to Mobileye 2Box_pe": null,
    "Foreign Category_ct": "Foreign Category_ct",
    "Status Continental to PAG_pe": null,
    "Hierarchy Level_ct": "Hierarchy Level_ct",
    "description": "Description",
    "BsM-Sa.GeSi comment_ct": "BsM-Sa.GeSi comment_ct",
    "Description Format": "Description Format",
    "Status Audi to Mobileye_pe": "Status Audi to Mobileye_pe",
    "BsM-G comment_ct": "BsM-G comment_ct",
    "Description_de_ct": null,
    "Verification Environment_ct": "Verification Environment_ct",
    "Status Bosch 2019_imp to PAG_pe": null,
    "Foreign Stakeholder_ct": "Foreign Stakeholder_ct",
    "Comment project lead PH_evo to supplier_pe": null,
    "Module Variant_pe": "Module Variant_pe",
    "Testable_pe_depr": null,
    "Story Points": "Story Points",
    "Foreign Status_ct": "Foreign Status_ct",
    "Foreign Modified On_ct": "Foreign Modified On_ct",
    "Comment Valeo 2018_imp to PAG_pe": null,
    "BsM-E.EMZ comment_ct": "BsM-E.EMZ comment_ct",
    "BsM-E.F comment_ct": "BsM-E.F comment_ct",
    "ME_Implemented_pe": null,
    "Planned Effort": "Planned Effort",
    "Summary": "Summary",
    "BsM-Sa.GeSi_ct": "BsM-Sa.GeSi_ct",
    "BsM-Fl comment_ct": "BsM-Fl comment_ct",
    "Module Variant_pe_depr": null,
    "Summary_de_ct": null,
    "Emergency Operation Time Interval (EOTI)_ct": null,
    "assigned to": "assigned to",
    "BsM-ZZ_ct": "BsM-ZZ_ct",
    "Market_ct": "Market_ct",
    "Requirement Type_pe": "Requirement Type_pe",
    "Network Maturity Level_pe": null,
    "Feature_req_pe": null,
    "Tested by Explanation_pe": null,
    "Status Valeo to PAG_pe_depr": null,
    "Spent Effort": "Spent Effort",
    "End Date": "End Date",
    "Status project lead PH_evo2 to supplier_pe": null,
    "Release_Planned_pe": null,
    "Comment Requester_ct": "Comment Requester_ct",
    "Status Review Internal_ct": "Status Review Internal_ct",
    "Comment PAG to Valeo 2018_imp_pe": null,
    "Status Requester_ct": "Status Requester_ct",
    "Operation Mode_ct": null,
    "RefinesSysReq_ct": "RefinesSysReq_ct",
    "Safe State_ct": null,
    "Relevance for Author_ct": "Relevance for Author_ct",
    "Release_Comitted_pe_depr": null,
    "Verification Preconditions_ct": "Verification Preconditions_ct",
    "Comment Internal_ct": "Comment Internal_ct",
    "Comment Mobileye to Audi_pe": "Comment Mobileye to Audi_pe",
    "English Translation_pe": null,
    "Status supplier to project lead PH_evo2_pe": null,
    "Stakeholder_ct": "Stakeholder_ct",
    "Description_2Box_pe": null,
    "BsM-E.L comment_ct": "BsM-E.L comment_ct",
    "Comment Mobileye to PAG_pe": "Comment Mobileye to PAG_pe",
    "BsM-O_ct": "BsM-O_ct",
    "Comment Continental to PAG_pe": null,
    "Comment Audi to Mobileye_pe": "Comment Audi to Mobileye_pe",
    "Release planned_pe_depr": null,
    "Relevance for HW-Module_ct": "Relevance for HW-Module_ct",
    "Status PAG to Valeo 2018_imp_pe": null,
    "BsM-E.G comment_ct": "BsM-E.G comment_ct",
    "BsM-K comment_ct": "BsM-K comment_ct",
    "Foreign Author_ct": "Foreign Author_ct",
    "Resolution": "Resolution",
    "Closed at": "Closed at",
    "BsM-E.G_ct": "BsM-E.G_ct",
    "BsM-K_ct": "BsM-K_ct",
    "BsM-Sa.Crash_ct": "BsM-Sa.Crash_ct",
    "Requirement Subtype_ct": "Requirement Subtype_ct",
    "Comment PAG to Bosch 2019_imp_pe": null,
    "Release_Implemented_pe_depr": null,
    "BsM-Sa.Crash comment_ct": "BsM-Sa.Crash comment_ct",
    "CR_ID_ARGUS_pe": null,
    "BsM-N_ct": "BsM-N_ct",
    "BsM-N comment_ct": "BsM-N comment_ct",
    "Cluster_pe": null,
    "Comment External_ct": "Comment External_ct",
    "Description": "Description",
    "2->1Box-Update_pe": null,
    "Release": "Release",
    "Verification Constraints_ct": "Verification Constraints_ct",
    "SOTIF Relevance_ct": null,
    "BsM-O Review_ct": null,
    "Submitted by": "Submitted by",
    "Foreign Created On_ct": "Foreign Created On_ct",
    "Function Maturity Level_pe": null,
    "Release_Comitted_pe": null,
    "Foreign Source_ct": "Foreign Source_ct",
    "BsM-O comment_ct": "BsM-O comment_ct",
    "BsM-Sa.HV comment_ct": "BsM-Sa.HV comment_ct",
    "BsM-E.T Review_ct": null,
    "BsM-P comment_ct": "BsM-P comment_ct",
    "BsM-Sa.SOTIF_ct": "BsM-Sa.SOTIF_ct",
    "Relevance for Testing_pe": null,
    "Business Value": "Business Value",
    "Functional Safety Classification (according ISO26262)_ct": "Safety Relevance according to ASIL_ct",
    "Viewpoint_ct": "Viewpoint_ct",
    "Subject": "Subject",
    "Foreign ID Mobileye_pe": "Foreign ID Mobileye_pe",
    "Status Mobileye to Audi_pe": "Status Mobileye to Audi_pe",
    "Comment Bosch 2019_imp to PAG_pe": null,
    "BsM-E.L Review_ct": null,
    "Maturity Level_ct": "Maturity Level_ct",
    "BsM-E.T_ct": "BsM-E.T_ct",
    "Maturity Target_pe": null,
    "Jira Issue_ct": "Jira Issue_ct",
    "Testauftrag Gewerk_pe": null,
    "Comment Mobileye to PAG 2Box_pe": null,
    "Verification Method_ct": "Verification Method_ct",
    "Status PAG to Bosch 2019_imp_pe": null,
    "Status": "Status",
    "Status PAG to Continental_pe": null,
    "BsM-E.T comment_ct": "BsM-E.T comment_ct",
    "Change Request_pe": "Change Request_pe",
    "BsM-G_ct": "BsM-G_ct",
    "BsM-Sa_ct": "BsM-Sa_ct",
    "BsM-Sa.FuSi_ct": "BsM-Sa.FuSi_ct",
    "Foreign URL_ct": "Foreign URL_ct",
    "Import Status_ct": "Import Status_ct",
    "Release_Implemented_pe": null,
    "BsM-FFF_ct": "BsM-FFF_ct",
    "Offer Relevance_pe": null,
    "Diagnostic Elements_ct": null,
    "Relevant glossary entries_ct": null,
    "Project Milestone_pe": null,
    "Mitigates": "Mitigates",
    "Stakeholder Contact_ct": "Stakeholder Contact_ct",
    "Start Date": "Start Date",
    "BsM-E.V_ct": "BsM-E.V_ct",
    "Foreign Metadata_ct": "Foreign Metadata_ct",
    "BsM-Fl_ct": "BsM-Fl_ct",
    "Status Mobileye to PAG 2Box_pe": null,
    "Release Date_pe": null,
    "Foreign ID_ct": "Foreign ID_ct",
    "Accrued Effort": "Accrued Effort",
    "BsM-E.D_ct": "BsM-E.D_ct",
    "brand_ct": "brand_ct",
    "typeName": "typeName",
    "BsM-Se comment_ct": "BsM-Se comment_ct",
    "Testable_pe_deprecated": null,
    "Reached Coverage": "Reached Coverage",
    "Foreign Project_ct": "Foreign Project_ct",
    "BsM-E.F_ct": "BsM-E.F_ct",
    "Status Mobileye to PAG_pe": "Status Mobileye to PAG_pe",
    "Foreign ID_DOORS_pe" : "Foreign ID_DOORS_pe"
}
