{
    "field_mappings": [
        {
            "ch63": "Description",
            "template": "Description",
            "use_value_mapping": false,
            "template_to_ch63_values": {}
        },
        {
            "ch63": "Summary",
            "template": "Summary",
            "use_value_mapping": false,
            "template_to_ch63_values": {}
        },
        {
            "ch63": "Type",
            "template": "Type",
            "use_value_mapping": true,
            "template_to_ch63_values": {
                "Überschrift": "Folder",
                "Information": "Information",
                "nicht funktionale Anforderung": "Non-functional",
                "funktionale Anforderung": "Functional"
            }
        },
        {
            "ch63": "Attachments",
            "template": "Attachments",
            "use_value_mapping": false,
            "template_to_ch63_values": {}
        },
        {
            "ch63": "Status",
            "template": "Status",
            "use_value_mapping": true,
            "template_to_ch63_values": {
                "Obsolete": "Obsolete"
            }
        },
        {
            "ch63": "brand_ct",
            "template": "Marke/Brand_pe",
            "use_value_mapping": true,
            "template_to_ch63_values": {
                "Audi": "Audi",
                "VW": "VW (brand)",
                "Porsche": "Porsche"
            }
        },
        {
            "ch63": "BsM-E.D comment_ct",
            "template": "BsM-E.D Kommentar_pe",
            "use_value_mapping": false,
            "template_to_ch63_values": {}
        },
        {
            "ch63": "BsM-E.D_ct",
            "template": "BsM-E.D_pe",
            "use_value_mapping": true,
            "template_to_ch63_values": {
                "nicht bewertet": "Not rated",
                "nein": "no",
                "ja": "yes"
            }
        },
        {
            "ch63": "BsM-E.L comment_ct",
            "template": "BsM-E.L Kommentar_pe",
            "use_value_mapping": false,
            "template_to_ch63_values": {}
        },
        {
            "ch63": "BsM-E.L_ct",
            "template": "BsM-E.L_pe",
            "use_value_mapping": true,
            "template_to_ch63_values": {
                "nicht bewertet": "Not rated",
                "nein": "no",
                "ja": "yes"
            }
        },
        {
            "ch63": "BsM-E.T comment_ct",
            "template": "BsM-E.T Kommentar_pe",
            "use_value_mapping": false,
            "template_to_ch63_values": {}
        },
        {
            "ch63": "BsM-E.T_ct",
            "template": "BsM-E.T_pe",
            "use_value_mapping": true,
            "template_to_ch63_values": {
                "nicht bewertet": "Not rated",
                "nein": "no",
                "ja": "yes"
            }
        },
        {
            "ch63": "BsM-O comment_ct",
            "template": "BsM-O Kommentar_pe",
            "use_value_mapping": false,
            "template_to_ch63_values": {}
        },
        {
            "ch63": "BsM-O_ct",
            "template": "BsM-O_pe",
            "use_value_mapping": true,
            "template_to_ch63_values": {
                "nicht bewertet": "Not rated",
                "nein": "no",
                "ja": "yes"
            }
        },
        {
            "ch63": "BsM-P comment_ct",
            "template": "BsM-P Kommentar_pe",
            "use_value_mapping": false,
            "template_to_ch63_values": {}
        },
        {
            "ch63": "BsM-Sa.FuSi comment_ct",
            "template": "BsM-Sa.FuSi Kommentar_pe",
            "use_value_mapping": false,
            "template_to_ch63_values": {}
        },
        {
            "ch63": "BsM-Sa.FuSi_ct",
            "template": "BsM-Sa.FuSi_pe",
            "use_value_mapping": true,
            "template_to_ch63_values": {
                "nicht bewertet": "Not rated",
                "nein": "no",
                "ja": "yes"
            }
        },
        {
            "ch63": "Foreign ID_ct",
            "template": "Foreign ID_pe",
            "use_value_mapping": false,
            "template_to_ch63_values": {}
        },
        {
            "ch63": "Import Status_ct",
            "template": "Import Status_pe",
            "use_value_mapping": true,
            "template_to_ch63_values": {
                "Updated": "Updated",
                "Deleted": "Deleted",
                "New": "New"
            }
        },
        {
            "ch63": "Relevance for Author_ct",
            "template": "Relevant für Autor_pe",
            "use_value_mapping": true,
            "template_to_ch63_values": {
                "Hinweis für Autor": "Hint for Author",
                "Fest": "Fix",
                "Anzupassen vom Autor": "To edit by Author",
                "Angepasst von Autor": "Edited by Author"
            }
        },
        {
            "ch63": "Relevance for HW-Module_ct",
            "template": "Relevant für Bauteil_pe",
            "use_value_mapping": true,
            "template_to_ch63_values": {
                "True": "Yes",
                "False": "No"
            }
        },
        {
            "ch63": "Safety Relevance according to ASIL_ct",
            "template": "ASIL_pe",
            "use_value_mapping": true,
            "template_to_ch63_values": {
                "nein": "No",
                "n/a": "n/a"
            }
        },
        {
            "ch63": "Verification Method_ct",
            "template": "V&V-Methode_pe",
            "use_value_mapping": true,
            "template_to_ch63_values": {
                "Analyse": "Analysis",
                "Demonstration": "Demonstration"
            }
        }
    ]
}