{
    "1":
    [
        "92348129",
        "84849200",
        "92347352",
        "92347180",
        "92347956"
    ],
    "2":
    [
        "92347784",
        "92347698",
        "92348043",
        "92347525"
    ],
    "3":
    [
        "92347266",
        "92347611",
        "92347870",
        "92347439",
        "120468382"
    ],
    "4":
    [
        "142360929",
        "155087720",
        "155088053",
        "155087886",
        "155088219"
    ],
    "5":
    [
        "155087970",
        "155087803",
        "155088136"
    ]
}
